{
    "type": "minecraft:crafting_shapeless",
    "ingredients": [
        {
            "item": "minecraft:iron_bars"
        },
        {
            "item": "minecraft:iron_bars"
        },
        {
            "item": "minecraft:iron_bars"
        },
        {
            "item": "minecraft:iron_bars"
        },
        {
            "item": "minecraft:iron_bars"
        },
        {
            "item": "minecraft:iron_bars"
        },
        {
            "item": "minecraft:iron_bars"
        },
        {
            "item": "minecraft:iron_bars"
        }
    ],
    "result": {
        "item": "minecraft:iron_ingot",
        "count": 3
    }
}