{
	"parent":"block/block",
	"textures":{
		"particle":"block/dispenser_front",
		"bottom":"block/parrowed_top",
        	"front": "block/dispenser_front",
        	"right": "block/parrow_right_side",
		"left": "block/parrow_left_side",
		"top":"block/parrow_under_top",
		"back":"block/parrow_back_side"
	},
    "elements": [
        {   "from": [ 0, 0, 0 ],
            "to": [ 16, 16, 16 ],
            "faces": {
                "down":  { "uv": [ 0, 0, 16, 16 ], "texture": "#bottom", "cullface": "down" },
                "up":    { "uv": [ 0, 0, 16, 16 ], "texture": "#top", "cullface": "up" },
                "north": { "uv": [ 0, 0, 16, 16 ], "texture": "#front", "cullface": "north" },
                "south": { "uv": [ 0, 0, 16, 16 ], "texture": "#back", "cullface": "south" },
                "west":  { "uv": [ 0, 0, 16, 16 ], "texture": "#left", "cullface": "west" },
                "east":  { "uv": [ 0, 0, 16, 16 ], "texture": "#right", "cullface": "east" }
            }
        }
    ]
}