{
	"parent":"block/block",
	"textures":{
		"particle":"block/dropper_front_vertical",
		"bottom":"block/arrow_back_top",
        	"front": "block/dropper_front_vertical",
        	"side":"block/arrow_under_top"
	},
    "elements": [
        {   "from": [ 0, 0, 0 ],
            "to": [ 16, 16, 16 ],
            "faces": {
                "down":  { "uv": [ 0, 0, 16, 16 ], "texture": "#bottom", "cullface": "down" },
                "up":    { "uv": [ 0, 0, 16, 16 ], "texture": "#front", "cullface": "up" },
                "north": { "uv": [ 0, 0, 16, 16 ], "texture": "#side", "cullface": "north" },
                "south": { "uv": [ 0, 0, 16, 16 ], "texture": "#side", "cullface": "south" },
                "west":  { "uv": [ 0, 0, 16, 16 ], "texture": "#side", "cullface": "west" },
                "east":  { "uv": [ 0, 0, 16, 16 ], "texture": "#side", "cullface": "east" }
            }
        }
    ]
}