{
    "__comment": "Modifications by Quazi",
    "ambientocclusion": false,
    "textures": {
        "particle": "block/hopper",
        "top": "block/hopper_top",
        "bottom": "block/hopper_bottom",
        "side": "block/hopper",
        "inside": "block/hopper_inside",
        "wall": "block/hopper_inside_wall"
    },
    "elements": [
        {   "from": [ 0, 9, 0 ],
            "to": [ 16, 11, 16 ],
            "faces": {
                "down":  { "texture": "#bottom" },
                "up":    { "texture": "#inside" },
                "north": { "texture": "#side" },
                "south": { "texture": "#side" },
                "west":  { "texture": "#side" },
                "east":  { "texture": "#side" }
            }
        },
        {   "from": [ 0, 10, 0 ],
            "to": [ 2, 16, 16 ],
            "faces": {
                "down":  { "texture": "#bottom" },
                "up":    { "texture": "#top" },
                "north": { "texture": "#side" },
                "south": { "texture": "#side" },
                "west":  { "texture": "#side" },
                "east":  { "texture": "#wall" }
            }
        },
        {   "from": [ 14, 10, 0 ],
            "to": [ 16, 16, 16 ],
            "faces": {
                "down":  { "texture": "#bottom" },
                "up":    { "texture": "#top" },
                "north": { "texture": "#side" },
                "south": { "texture": "#side" },
                "west":  { "texture": "#wall" },
                "east":  { "texture": "#side" }
            }
        },
        {   "from": [ 2, 10, 0 ],
            "to": [ 14, 16, 2 ],
            "faces": {
                "down":  { "texture": "#bottom" },
                "up":    { "texture": "#top" },
                "north": { "texture": "#side" },
                "south": { "texture": "#wall" },
                "west":  { "texture": "#side" },
                "east":  { "texture": "#side" }
            }
        },
        {   "from": [ 2, 10, 14 ],
            "to": [ 14, 16, 16 ],
            "faces": {
                "down":  { "texture": "#bottom" },
                "up":    { "texture": "#top" },
                "north": { "texture": "#wall" },
                "south": { "texture": "#side" },
                "west":  { "texture": "#side" },
                "east":  { "texture": "#side" }
            }
        },
        {   "from": [ 2, 6, 2 ],
            "to": [ 14, 9, 14 ],
            "faces": {
                "down":  { "texture": "#bottom" },
                "north": { "texture": "#side" },
                "south": { "texture": "#side" },
                "west":  { "texture": "#side" },
                "east":  { "texture": "#side" }
            }
        },
        {   "from": [ 4, 4, 4 ],
            "to": [ 12, 6, 12 ],
            "faces": {
                "down":  { "texture": "#bottom" },
                "north": { "texture": "#side" },
                "south": { "texture": "#side" },
                "west":  { "texture": "#side" },
                "east":  { "texture": "#side" }
            }
        },
        {   "from": [ 6, 0, 6 ],
            "to": [ 10, 4, 10 ],
            "faces": {
                "down":  { "texture": "#bottom" },
                "north": { "texture": "#side" },
                "south": { "texture": "#side" },
                "west":  { "texture": "#side" },
                "east":  { "texture": "#side" }
            }
        }
    ]
}
