{
    "__comment": "Modifications by Quazi",
    "ambientocclusion": false,
    "textures": {
        "particle": "block/hopper",
        "top": "block/hopper_top",
        "bottom": "block/hopper_bottom",
        "left": "block/hopper_side_left",
        "right": "block/hopper_side_right",
        "front": "block/hopper_side_front",
        "back": "block/hopper_side_back",
        "inside": "block/hopper_side_inside",
        "wall": "block/hopper_inside_wall"
    },
    "elements": [
        {   "from": [ 0, 9, 0 ],
            "to": [ 16, 11, 16 ],
            "faces": {
                "down":  { "texture": "#bottom" },
                "up":    { "texture": "#inside" },
                "north": { "texture": "#front" },
                "south": { "texture": "#back" },
                "west":  { "texture": "#left" },
                "east":  { "texture": "#right" }
            }
        },
        {   "from": [ 0, 10, 0 ],
            "to": [ 2, 16, 16 ],
            "faces": {
                "down":  { "texture": "#bottom" },
                "up":    { "texture": "#top" },
                "north": { "texture": "#front" },
                "south": { "texture": "#back" },
                "west":  { "texture": "#left" },
                "east":  { "texture": "#wall" }
            }
        },
        {   "from": [ 14, 10, 0 ],
            "to": [ 16, 16, 16 ],
            "faces": {
                "down":  { "texture": "#bottom" },
                "up":    { "texture": "#top" },
                "north": { "texture": "#front" },
                "south": { "texture": "#back" },
                "west":  { "texture": "#wall" },
                "east":  { "texture": "#right" }
            }
        },
        {   "from": [ 2, 10, 0 ],
            "to": [ 14, 16, 2 ],
            "faces": {
                "down":  { "texture": "#bottom" },
                "up":    { "texture": "#top" },
                "north": { "texture": "#front" },
                "south": { "texture": "#wall" },
                "west":  { "texture": "#left" },
                "east":  { "texture": "#right" }
            }
        },
        {   "from": [ 2, 10, 14 ],
            "to": [ 14, 16, 16 ],
            "faces": {
                "down":  { "texture": "#bottom" },
                "up":    { "texture": "#top" },
                "north": { "texture": "#wall" },
                "south": { "texture": "#back" },
                "west":  { "texture": "#left" },
                "east":  { "texture": "#right" }
            }
        },
        {   "from": [ 2, 6, 2 ],
            "to": [ 14, 9, 14 ],
            "faces": {
                "down":  { "texture": "#bottom" },
                "north": { "texture": "#front" },
                "south": { "texture": "#back" },
                "west":  { "texture": "#left" },
                "east":  { "texture": "#right" }
            }
        },
        {   "from": [ 4, 4, 3 ],
            "to": [ 12, 6, 12 ],
            "faces": {
                "down":  { "texture": "#bottom" },
                "north": { "texture": "#front" },
                "south": { "texture": "#back" },
                "west":  { "texture": "#left" },
                "east":  { "texture": "#right" }
            }
        },
        {   "from": [ 6, 2, 8 ],
            "to": [ 10, 6, 10 ],
            "faces": {
                "down":  { "texture": "#bottom", "uv": [6.0, 5.0, 10.0, 7.0] },
                "north": { "texture": "#front" },
                "south": { "texture": "#back" },
                "west":  { "texture": "#left" },
                "east":  { "texture": "#right" }
            }
        },
        {   "from": [ 6, 1, 0 ],
            "to": [ 10, 4, 8 ],
            "faces": {
                "down":  { "texture": "#inside", "uv": [0.0, 3.0, 4.0, 11.0] },
                "up": { "texture": "#back", "uv": [6.0, 12.0, 10.0, 16.0] },
                "north": { "texture": "#front" },
                "south": { "texture": "#back" },
                "west":  { "texture": "#left" },
                "east":  { "texture": "#right" }
            }
        }
    ]
}
