{
	"credit": "Made with Blockbench",
	"ambientocclusion": false,
	"textures": {
		"particle": "block/stone",
		"base": "block/stone",
		"lever": "block/lever_on"
	},
	"elements": [
		{
			"from": [5, 0, 4],
			"to": [11, 2, 12],
			"faces": {
				"north": {"uv": [5, 1, 11, 3], "rotation": 180, "texture": "#base"},
				"east": {"uv": [12, 4, 14, 12], "rotation": 90, "texture": "#base"},
				"south": {"uv": [5, 13, 11, 15], "texture": "#base"},
				"west": {"uv": [2, 4, 4, 12], "rotation": 270, "texture": "#base"},
				"up": {"uv": [5, 4, 11, 12], "texture": "#base"},
				"down": {"uv": [5, 4, 11, 12], "texture": "#base", "cullface": "down"}
			}
		},
		{
			"from": [7, 1, 7],
			"to": [9, 11, 9],
			"rotation": {"angle": -45, "axis": "x", "origin": [8, 1, 8]},
			"faces": {
				"north": {"uv": [7, 6, 9, 16], "texture": "#lever"},
				"east": {"uv": [7, 6, 9, 16], "texture": "#lever"},
				"south": {"uv": [7, 6, 9, 16], "texture": "#lever"},
				"west": {"uv": [7, 6, 9, 16], "texture": "#lever"},
				"up": {"uv": [7, 6, 9, 8], "texture": "#lever"}
			}
		},
		{
			"from": [5, 2, 4],
			"to": [7, 3, 12],
			"faces": {
				"north": {"uv": [9, 3, 11, 4], "rotation": 180, "texture": "#base"},
				"east": {"uv": [6, 4, 7, 12], "rotation": 90, "texture": "#base"},
				"south": {"uv": [5, 12, 7, 13], "texture": "#base"},
				"west": {"uv": [4, 4, 5, 12], "rotation": 270, "texture": "#base"},
				"up": {"uv": [5, 4, 7, 12], "texture": "#base"},
				"down": {"uv": [0, 0, 2, 8], "texture": "#missing"}
			}
		},
		{
			"from": [9, 2, 4],
			"to": [11, 3, 12],
			"faces": {
				"north": {"uv": [5, 3, 7, 4], "rotation": 180, "texture": "#base"},
				"east": {"uv": [11, 4, 12, 12], "rotation": 90, "texture": "#base"},
				"south": {"uv": [9, 12, 11, 13], "texture": "#base"},
				"west": {"uv": [9, 4, 10, 12], "rotation": 270, "texture": "#base"},
				"up": {"uv": [9, 4, 11, 12], "texture": "#base"},
				"down": {"uv": [0, 0, 2, 8], "texture": "#missing"}
			}
		},
		{
			"from": [7, 2, 11],
			"to": [9, 3, 12],
			"faces": {
				"north": {"uv": [7, 11, 9, 12], "rotation": 180, "texture": "#base"},
				"east": {"uv": [0, 0, 0, 0], "texture": "#missing"},
				"south": {"uv": [7, 12, 9, 13], "texture": "#base"},
				"west": {"uv": [0, 0, 1, 1], "texture": "#missing"},
				"up": {"uv": [7, 11, 9, 12], "texture": "#base"},
				"down": {"uv": [0, 0, 2, 1], "texture": "#missing"}
			}
		},
		{
			"from": [7, 2, 4],
			"to": [9, 3, 5],
			"faces": {
				"north": {"uv": [7, 3, 9, 4], "rotation": 180, "texture": "#base"},
				"east": {"uv": [0, 0, 1, 1], "texture": "#missing"},
				"south": {"uv": [7, 4, 9, 5], "texture": "#base"},
				"west": {"uv": [0, 0, 1, 1], "texture": "#missing"},
				"up": {"uv": [7, 4, 9, 5], "texture": "#base"},
				"down": {"uv": [0, 0, 2, 1], "texture": "#missing"}
			}
		}
	]
}