{
	"credit": "Made with Blockbench",
	"textures": {
		"particle": "block/sticky_piston_bottom_ex",
		"side": "block/sticky_piston_side_ex",
		"inside": "block/piston_inner",
		"bottom": "block/sticky_piston_bottom_ex"
	},
	"elements": [
		{
			"from": [0, 0, 4],
			"to": [16, 16, 16],
			"faces": {
				"north": {"uv": [0, 0, 16, 16], "texture": "#inside"},
				"east": {"uv": [0, 4, 16, 16], "rotation": 90, "texture": "#side", "cullface": "east"},
				"south": {"uv": [0, 0, 16, 16], "rotation": 180, "texture": "#bottom", "cullface": "south"},
				"west": {"uv": [0, 4, 16, 16], "rotation": 270, "texture": "#side", "cullface": "west"},
				"up": {"uv": [0, 4, 16, 16], "texture": "#side", "cullface": "up"},
				"down": {"uv": [0, 4, 16, 16], "rotation": 180, "texture": "#side", "cullface": "down"}
			}
		}
	]
}