{
	"credit": "Made with Blockbench",
	"textures": {
		"particle": "block/sticky_piston_side",
		"side": "block/sticky_piston_side",
		"platform": "block/piston_top_sticky",
		"bottom": "block/sticky_piston_bottom"
	},
	"elements": [
		{
			"from": [0, 0, 0],
			"to": [16, 16, 16],
			"faces": {
				"north": {"uv": [0, 0, 16, 16], "texture": "#platform", "cullface": "north"},
				"east": {"uv": [0, 0, 16, 16], "rotation": 90, "texture": "#side", "cullface": "east"},
				"south": {"uv": [0, 0, 16, 16], "rotation": 180, "texture": "#bottom", "cullface": "south"},
				"west": {"uv": [0, 0, 16, 16], "rotation": 270, "texture": "#side", "cullface": "west"},
				"up": {"uv": [0, 0, 16, 16], "texture": "#side", "cullface": "up"},
				"down": {"uv": [0, 0, 16, 16], "rotation": 180, "texture": "#side", "cullface": "down"}
			}
		}
	]
}