{
    "parent": "block/lever_on",
    "gui_light": "side",
    "display": {
        "gui": {
            "rotation": [ 30, 225, 0 ],
            "translation": [ 0, 3, 0],
            "scale":[ 0.937, 0.937, 0.937 ]
        },
        "ground": {
            "rotation": [ 0, 0, 0 ],
            "translation": [ 0, 3, 0],
            "scale":[ 0.375, 0.375, 0.375 ]
        },
        "fixed": {
            "rotation": [ 90, 180, 180 ],
            "translation": [ 0, 0, -4 ],
            "scale":[ 0.75, 0.75, 0.75 ]
        },
        "thirdperson_righthand": {
            "rotation": [ 75, 225, 0 ],
            "translation": [ 0, 3, 3],
            "scale": [0.562, 0.562, 0.562]
        },
        "firstperson_righthand": {
            "rotation": [ 0, 225, 0 ],
            "translation": [ 0, 4.5, 0 ],
            "scale": [0.6, 0.6, 0.6]
        },
        "firstperson_lefthand": {
            "rotation": [ 0, 225, 0 ],
            "translation": [ 0, 4.5, 0 ],
            "scale": [0.6, 0.6, 0.6]
        }
    }
}
