{
    "variants": {
        "extended=false,facing=down": { "model": "block/sticky_piston_2", "x": 90, "y": 180 },
        "extended=false,facing=up": { "model": "block/sticky_piston_2", "x": 270, "y": 180 },
        "extended=false,facing=north": { "model": "block/sticky_piston" },
        "extended=false,facing=south": { "model": "block/sticky_piston", "y": 180 },
        "extended=false,facing=west": { "model": "block/sticky_piston", "y": 270 },
        "extended=false,facing=east": { "model": "block/sticky_piston", "y": 90 },
        "extended=true,facing=down": { "model": "block/sticky_piston_base_2", "x": 90, "y": 180 },
        "extended=true,facing=up": { "model": "block/sticky_piston_base_2", "x": 270, "y": 180 },
        "extended=true,facing=north": { "model": "block/sticky_piston_base" },
        "extended=true,facing=south": { "model": "block/sticky_piston_base", "y": 180 },
        "extended=true,facing=west": { "model": "block/sticky_piston_base", "y": 270 },
        "extended=true,facing=east": { "model": "block/sticky_piston_base", "y": 90 }
    }
}
